"STATION","NAME","DATE","SNWD"
"USC00271800","CRAWFORD NOTCH, NH US","2021-12-01","3.0"
"USC00271800","CRAWFORD NOTCH, NH US","2021-12-02","3.0"
"USC00271800","CRAWFORD NOTCH, NH US","2021-12-03","3.0"
"USC00271800","CRAWFORD NOTCH, NH US","2021-12-04","4.0"
"USC00271800","CRAWFORD NOTCH, NH US","2021-12-05","4.0"
"USC00271800","CRAWFORD NOTCH, NH US","2021-12-06","2.0"
"USC00271800","CRAWFORD NOTCH, NH US","2021-12-07","2.0"
"USC00271800","CRAWFORD NOTCH, NH US","2021-12-08","3.0"
"USC00271800","CRAWFORD NOTCH, NH US","2021-12-09","4.0"
"USC00271800","CRAWFORD NOTCH, NH US","2021-12-10","4.0"
"USC00271800","CRAWFORD NOTCH, NH US","2021-12-11","0.0"
"USC00271800","CRAWFORD NOTCH, NH US","2021-12-12","0.0"
"USC00271800","CRAWFORD NOTCH, NH US","2021-12-13","0.0"
"USC00271800","CRAWFORD NOTCH, NH US","2021-12-14","0.0"
"USC00271800","CRAWFORD NOTCH, NH US","2021-12-15","0.0"
"USC00271800","CRAWFORD NOTCH, NH US","2021-12-16","0.0"
"USC00271800","CRAWFORD NOTCH, NH US","2021-12-17","0.0"
"USC00271800","CRAWFORD NOTCH, NH US","2021-12-18","2.0"
"USC00271800","CRAWFORD NOTCH, NH US","2021-12-19","4.0"
"USC00271800","CRAWFORD NOTCH, NH US","2021-12-20","2.0"
"USC00271800","CRAWFORD NOTCH, NH US","2021-12-21","3.0"
"USC00271800","CRAWFORD NOTCH, NH US","2021-12-22","5.0"
"USC00271800","CRAWFORD NOTCH, NH US","2021-12-23","5.0"
"USC00271800","CRAWFORD NOTCH, NH US","2021-12-24","5.0"
"USC00271800","CRAWFORD NOTCH, NH US","2021-12-25","5.0"
"USC00271800","CRAWFORD NOTCH, NH US","2021-12-26","7.0"
"USC00271800","CRAWFORD NOTCH, NH US","2021-12-27","6.0"
"USC00271800","CRAWFORD NOTCH, NH US","2021-12-28","6.0"
"USC00271800","CRAWFORD NOTCH, NH US","2021-12-29","6.0"
"USC00271800","CRAWFORD NOTCH, NH US","2021-12-30","6.0"
"USC00271800","CRAWFORD NOTCH, NH US","2021-12-31","6.0"
"USC00271800","CRAWFORD NOTCH, NH US","2022-01-01","5.0"
"USC00271800","CRAWFORD NOTCH, NH US","2022-01-02","5.0"
"USC00271800","CRAWFORD NOTCH, NH US","2022-01-03","5.0"
"USC00271800","CRAWFORD NOTCH, NH US","2022-01-04","5.0"
"USC00271800","CRAWFORD NOTCH, NH US","2022-01-05","4.0"
"USC00271800","CRAWFORD NOTCH, NH US","2022-01-06","4.0"
"USC00271800","CRAWFORD NOTCH, NH US","2022-01-07","8.0"
"USC00271800","CRAWFORD NOTCH, NH US","2022-01-08","8.0"
"USC00271800","CRAWFORD NOTCH, NH US","2022-01-09","8.0"
"USC00271800","CRAWFORD NOTCH, NH US","2022-01-10","9.0"
"USC00271800","CRAWFORD NOTCH, NH US","2022-01-11","9.0"
"USC00271800","CRAWFORD NOTCH, NH US","2022-01-12","7.0"
"USC00271800","CRAWFORD NOTCH, NH US","2022-01-13","8.0"
"USC00271800","CRAWFORD NOTCH, NH US","2022-01-14","8.0"
"USC00271800","CRAWFORD NOTCH, NH US","2022-01-15","8.0"
"USC00271800","CRAWFORD NOTCH, NH US","2022-01-16","8.0"
"USC00271800","CRAWFORD NOTCH, NH US","2022-01-17","16.0"
"USC00271800","CRAWFORD NOTCH, NH US","2022-01-18","15.0"
"USC00271800","CRAWFORD NOTCH, NH US","2022-01-19","14.0"
"USC00271800","CRAWFORD NOTCH, NH US","2022-01-20","14.0"
"USC00271800","CRAWFORD NOTCH, NH US","2022-01-21","13.0"
"USC00271800","CRAWFORD NOTCH, NH US","2022-01-22","14.0"
"USC00271800","CRAWFORD NOTCH, NH US","2022-01-23","15.0"
"USC00271800","CRAWFORD NOTCH, NH US","2022-01-24","15.0"
"USC00271800","CRAWFORD NOTCH, NH US","2022-01-25","16.0"
"USC00271800","CRAWFORD NOTCH, NH US","2022-01-26","14.0"
"USC00271800","CRAWFORD NOTCH, NH US","2022-01-27","14.0"
"USC00271800","CRAWFORD NOTCH, NH US","2022-01-28","15.0"
"USC00271800","CRAWFORD NOTCH, NH US","2022-01-29","21.0"
"USC00271800","CRAWFORD NOTCH, NH US","2022-01-30","20.0"
"USC00271800","CRAWFORD NOTCH, NH US","2022-01-31","19.0"
"USC00271800","CRAWFORD NOTCH, NH US","2022-02-01","19.0"
"USC00271800","CRAWFORD NOTCH, NH US","2022-02-02","18.0"
"USC00271800","CRAWFORD NOTCH, NH US","2022-02-03","21.0"
"USC00271800","CRAWFORD NOTCH, NH US","2022-02-04","30.0"
"USC00271800","CRAWFORD NOTCH, NH US","2022-02-05","30.0"
"USC00271800","CRAWFORD NOTCH, NH US","2022-02-06","29.0"
"USC00271800","CRAWFORD NOTCH, NH US","2022-02-07","29.0"
"USC00271800","CRAWFORD NOTCH, NH US","2022-02-08","30.0"
"USC00271800","CRAWFORD NOTCH, NH US","2022-02-09","29.0"
"USC00271800","CRAWFORD NOTCH, NH US","2022-02-10","28.0"
"USC00271800","CRAWFORD NOTCH, NH US","2022-02-11","28.0"
"USC00271800","CRAWFORD NOTCH, NH US","2022-02-12","25.0"
"USC00271800","CRAWFORD NOTCH, NH US","2022-02-13","25.0"
"USC00271800","CRAWFORD NOTCH, NH US","2022-02-14","25.0"
"USC00271800","CRAWFORD NOTCH, NH US","2022-02-15","25.0"
"USC00271800","CRAWFORD NOTCH, NH US","2022-02-16","25.0"
"USC00271800","CRAWFORD NOTCH, NH US","2022-02-17","21.0"
"USC00271800","CRAWFORD NOTCH, NH US","2022-02-18","17.0"
"USC00271800","CRAWFORD NOTCH, NH US","2022-02-19","18.0"
"USC00271800","CRAWFORD NOTCH, NH US","2022-02-20","18.0"
"USC00271800","CRAWFORD NOTCH, NH US","2022-02-21","17.0"
"USC00271800","CRAWFORD NOTCH, NH US","2022-02-22","16.0"
"USC00271800","CRAWFORD NOTCH, NH US","2022-02-24","14.0"
"USC00271800","CRAWFORD NOTCH, NH US","2022-02-25","17.0"
"USC00271800","CRAWFORD NOTCH, NH US","2022-02-26","18.0"
"USC00271800","CRAWFORD NOTCH, NH US","2022-02-27","19.0"
"USC00271800","CRAWFORD NOTCH, NH US","2022-02-28","18.0"
"USC00271800","CRAWFORD NOTCH, NH US","2022-03-01","21.0"
"USC00271800","CRAWFORD NOTCH, NH US","2022-03-02","21.0"
"USC00271800","CRAWFORD NOTCH, NH US","2022-03-03","24.0"
"USC00271800","CRAWFORD NOTCH, NH US","2022-03-04","21.0"
"USC00271800","CRAWFORD NOTCH, NH US","2022-03-05","21.0"
"USC00271800","CRAWFORD NOTCH, NH US","2022-03-06","16.0"
"USC00271800","CRAWFORD NOTCH, NH US","2022-03-07","14.0"
"USC00271800","CRAWFORD NOTCH, NH US","2022-03-08","14.0"
"USC00271800","CRAWFORD NOTCH, NH US","2022-03-09","15.0"
"USC00271800","CRAWFORD NOTCH, NH US","2022-03-10","14.0"
"USC00271800","CRAWFORD NOTCH, NH US","2022-03-11","14.0"
"USC00271800","CRAWFORD NOTCH, NH US","2022-03-12","24.0"
"USC00271800","CRAWFORD NOTCH, NH US","2022-03-13","24.0"
"USC00271800","CRAWFORD NOTCH, NH US","2022-03-14","22.0"
"USC00271800","CRAWFORD NOTCH, NH US","2022-03-15","23.0"
"USC00271800","CRAWFORD NOTCH, NH US","2022-03-16","18.0"
"USC00271800","CRAWFORD NOTCH, NH US","2022-03-17","16.0"
"USC00271800","CRAWFORD NOTCH, NH US","2022-03-18","15.0"
"USC00271800","CRAWFORD NOTCH, NH US","2022-03-19","12.0"
"USC00271800","CRAWFORD NOTCH, NH US","2022-03-20","12.0"
"USC00271800","CRAWFORD NOTCH, NH US","2022-03-21","12.0"
"USC00271800","CRAWFORD NOTCH, NH US","2022-03-22","12.0"
"USC00271800","CRAWFORD NOTCH, NH US","2022-03-23","12.0"
"USC00271800","CRAWFORD NOTCH, NH US","2022-03-24","11.0"
"USC00271800","CRAWFORD NOTCH, NH US","2022-03-25","11.0"
"USC00271800","CRAWFORD NOTCH, NH US","2022-03-26","11.0"
"USC00271800","CRAWFORD NOTCH, NH US","2022-03-27","13.0"
"USC00271800","CRAWFORD NOTCH, NH US","2022-03-28","13.0"
"USC00271800","CRAWFORD NOTCH, NH US","2022-03-29","13.0"
"USC00271800","CRAWFORD NOTCH, NH US","2022-03-30","12.0"
"USC00271800","CRAWFORD NOTCH, NH US","2022-03-31","10.0"
"USC00271800","CRAWFORD NOTCH, NH US","2022-04-01","10.0"
"USC00271800","CRAWFORD NOTCH, NH US","2022-04-02","7.0"
"USC00271800","CRAWFORD NOTCH, NH US","2022-04-05","6.0"
"USC00271800","CRAWFORD NOTCH, NH US","2022-04-06","6.0"
"USC00271800","CRAWFORD NOTCH, NH US","2022-04-07","5.0"
"USC00271800","CRAWFORD NOTCH, NH US","2022-04-08","4.0"
"USC00271800","CRAWFORD NOTCH, NH US","2022-04-09","4.0"
"USC00271800","CRAWFORD NOTCH, NH US","2022-04-13","0.0"
"USC00271800","CRAWFORD NOTCH, NH US","2022-04-14","0.0"
"USC00271800","CRAWFORD NOTCH, NH US","2022-04-15","0.0"
"USC00271800","CRAWFORD NOTCH, NH US","2022-04-16","0.0"
"USC00271800","CRAWFORD NOTCH, NH US","2022-04-20","0.0"
"USC00271800","CRAWFORD NOTCH, NH US","2022-04-21","0.0"
"USC00271800","CRAWFORD NOTCH, NH US","2022-04-22","0.0"
"USC00271800","CRAWFORD NOTCH, NH US","2022-04-23","0.0"
"USC00271800","CRAWFORD NOTCH, NH US","2022-04-24","0.0"
"USC00271800","CRAWFORD NOTCH, NH US","2022-04-25","0.0"
"USC00271800","CRAWFORD NOTCH, NH US","2022-04-27","5.0"
"USC00271800","CRAWFORD NOTCH, NH US","2022-04-28","2.0"
"USC00271800","CRAWFORD NOTCH, NH US","2022-04-29","1.0"
"USC00271800","CRAWFORD NOTCH, NH US","2022-04-30","0.0"
"USC00271800","CRAWFORD NOTCH, NH US","2022-05-01","0.0"
"USC00271800","CRAWFORD NOTCH, NH US","2022-05-02","0.0"
"USC00271800","CRAWFORD NOTCH, NH US","2022-05-05","0.0"
"USC00271800","CRAWFORD NOTCH, NH US","2022-05-06","0.0"
"USC00271800","CRAWFORD NOTCH, NH US","2022-05-07","0.0"
"USC00271800","CRAWFORD NOTCH, NH US","2022-05-08","0.0"
"USC00271800","CRAWFORD NOTCH, NH US","2022-05-09","0.0"
"USC00271800","CRAWFORD NOTCH, NH US","2022-05-10","0.0"
"USC00271800","CRAWFORD NOTCH, NH US","2022-05-11","0.0"
"USC00271800","CRAWFORD NOTCH, NH US","2022-05-12","0.0"
"USC00271800","CRAWFORD NOTCH, NH US","2022-05-13","0.0"
"USC00271800","CRAWFORD NOTCH, NH US","2022-05-14","0.0"
"USC00271800","CRAWFORD NOTCH, NH US","2022-05-15","0.0"
"USC00271800","CRAWFORD NOTCH, NH US","2022-05-16","0.0"
"USC00271800","CRAWFORD NOTCH, NH US","2022-05-17","0.0"
"USC00271800","CRAWFORD NOTCH, NH US","2022-05-18","0.0"
"USC00271800","CRAWFORD NOTCH, NH US","2022-05-19","0.0"
"USC00271800","CRAWFORD NOTCH, NH US","2022-05-20","0.0"
"USC00271800","CRAWFORD NOTCH, NH US","2022-05-21","0.0"
"USC00271800","CRAWFORD NOTCH, NH US","2022-05-22","0.0"
"USC00271800","CRAWFORD NOTCH, NH US","2022-05-23","0.0"
"USC00271800","CRAWFORD NOTCH, NH US","2022-05-24","0.0"
"USC00271800","CRAWFORD NOTCH, NH US","2022-05-25","0.0"
"USC00271800","CRAWFORD NOTCH, NH US","2022-05-26","0.0"
"USC00271800","CRAWFORD NOTCH, NH US","2022-05-27","0.0"
"USC00271800","CRAWFORD NOTCH, NH US","2022-05-28","0.0"
"USC00271800","CRAWFORD NOTCH, NH US","2022-05-29","0.0"
"USC00271800","CRAWFORD NOTCH, NH US","2022-05-30","0.0"
"USC00271800","CRAWFORD NOTCH, NH US","2022-05-31","0.0"
"USC00271800","CRAWFORD NOTCH, NH US","2022-06-01","0.0"
"USC00271800","CRAWFORD NOTCH, NH US","2022-06-02","0.0"
"USC00271800","CRAWFORD NOTCH, NH US","2022-06-03","0.0"
"USC00271800","CRAWFORD NOTCH, NH US","2022-06-04","0.0"
"USC00271800","CRAWFORD NOTCH, NH US","2022-06-05","0.0"
"USC00271800","CRAWFORD NOTCH, NH US","2022-06-06","0.0"
"USC00271800","CRAWFORD NOTCH, NH US","2022-06-07","0.0"
"USC00271800","CRAWFORD NOTCH, NH US","2022-06-08","0.0"
"USC00271800","CRAWFORD NOTCH, NH US","2022-06-09","0.0"
"USC00271800","CRAWFORD NOTCH, NH US","2022-06-10","0.0"
"USC00271800","CRAWFORD NOTCH, NH US","2022-06-11","0.0"
"USC00271800","CRAWFORD NOTCH, NH US","2022-06-12","0.0"
"USC00271800","CRAWFORD NOTCH, NH US","2022-06-13","0.0"
"USC00271800","CRAWFORD NOTCH, NH US","2022-06-14","0.0"
"USC00271800","CRAWFORD NOTCH, NH US","2022-06-15","0.0"
"USC00271800","CRAWFORD NOTCH, NH US","2022-06-16","0.0"
"USC00271800","CRAWFORD NOTCH, NH US","2022-06-17","0.0"
"USC00271800","CRAWFORD NOTCH, NH US","2022-06-18","0.0"
"USC00271800","CRAWFORD NOTCH, NH US","2022-06-19","0.0"
"USC00271800","CRAWFORD NOTCH, NH US","2022-06-20","0.0"
"USC00271800","CRAWFORD NOTCH, NH US","2022-06-21","0.0"
"USC00271800","CRAWFORD NOTCH, NH US","2022-06-22","0.0"
"USC00271800","CRAWFORD NOTCH, NH US","2022-06-23","0.0"
"USC00271800","CRAWFORD NOTCH, NH US","2022-06-24","0.0"
"USC00271800","CRAWFORD NOTCH, NH US","2022-06-25","0.0"
"USC00271800","CRAWFORD NOTCH, NH US","2022-06-26","0.0"
"USC00271800","CRAWFORD NOTCH, NH US","2022-06-27","0.0"
"USC00271800","CRAWFORD NOTCH, NH US","2022-06-28","0.0"
"USC00271800","CRAWFORD NOTCH, NH US","2022-06-29","0.0"
"USC00271800","CRAWFORD NOTCH, NH US","2022-06-30","0.0"
"USC00271800","CRAWFORD NOTCH, NH US","2022-07-01","0.0"
"USC00271800","CRAWFORD NOTCH, NH US","2022-07-02","0.0"
"USC00271800","CRAWFORD NOTCH, NH US","2022-07-03","0.0"
"USC00271800","CRAWFORD NOTCH, NH US","2022-07-04","0.0"
"USC00271800","CRAWFORD NOTCH, NH US","2022-07-05","0.0"
"USC00271800","CRAWFORD NOTCH, NH US","2022-07-06","0.0"
"USC00271800","CRAWFORD NOTCH, NH US","2022-07-07","0.0"
"USC00271800","CRAWFORD NOTCH, NH US","2022-07-08","0.0"
"USC00271800","CRAWFORD NOTCH, NH US","2022-07-09","0.0"
"USC00271800","CRAWFORD NOTCH, NH US","2022-07-10","0.0"
"USC00271800","CRAWFORD NOTCH, NH US","2022-07-11","0.0"
"USC00271800","CRAWFORD NOTCH, NH US","2022-07-12","0.0"
"USC00271800","CRAWFORD NOTCH, NH US","2022-07-13","0.0"
"USC00271800","CRAWFORD NOTCH, NH US","2022-07-14","0.0"
"USC00271800","CRAWFORD NOTCH, NH US","2022-07-15","0.0"
"USC00271800","CRAWFORD NOTCH, NH US","2022-07-16","0.0"
"USC00271800","CRAWFORD NOTCH, NH US","2022-07-17","0.0"
"USC00271800","CRAWFORD NOTCH, NH US","2022-07-18","0.0"
"USC00271800","CRAWFORD NOTCH, NH US","2022-07-19","0.0"
"USC00271800","CRAWFORD NOTCH, NH US","2022-07-20","0.0"
"USC00271800","CRAWFORD NOTCH, NH US","2022-07-21","0.0"
"USC00271800","CRAWFORD NOTCH, NH US","2022-07-22","0.0"
"USC00271800","CRAWFORD NOTCH, NH US","2022-07-23","0.0"
"USC00271800","CRAWFORD NOTCH, NH US","2022-07-24","0.0"
"USC00271800","CRAWFORD NOTCH, NH US","2022-07-25","0.0"
"USC00271800","CRAWFORD NOTCH, NH US","2022-07-26","0.0"
"USC00271800","CRAWFORD NOTCH, NH US","2022-07-27","0.0"
"USC00271800","CRAWFORD NOTCH, NH US","2022-07-28","0.0"
"USC00271800","CRAWFORD NOTCH, NH US","2022-07-29","0.0"
"USC00271800","CRAWFORD NOTCH, NH US","2022-07-30","0.0"
"USC00271800","CRAWFORD NOTCH, NH US","2022-07-31","0.0"
"USC00271800","CRAWFORD NOTCH, NH US","2022-08-01","0.0"
"USC00271800","CRAWFORD NOTCH, NH US","2022-08-02","0.0"
"USC00271800","CRAWFORD NOTCH, NH US","2022-08-03","0.0"
"USC00271800","CRAWFORD NOTCH, NH US","2022-08-04","0.0"
"USC00271800","CRAWFORD NOTCH, NH US","2022-08-05","0.0"
"USC00271800","CRAWFORD NOTCH, NH US","2022-08-06","0.0"
"USC00271800","CRAWFORD NOTCH, NH US","2022-08-07","0.0"
"USC00271800","CRAWFORD NOTCH, NH US","2022-08-08","0.0"
"USC00271800","CRAWFORD NOTCH, NH US","2022-08-09","0.0"
"USC00271800","CRAWFORD NOTCH, NH US","2022-08-10","0.0"
"USC00271800","CRAWFORD NOTCH, NH US","2022-08-11","0.0"
"USC00271800","CRAWFORD NOTCH, NH US","2022-08-12","0.0"
"USC00271800","CRAWFORD NOTCH, NH US","2022-08-13","0.0"
"USC00271800","CRAWFORD NOTCH, NH US","2022-08-14","0.0"
"USC00271800","CRAWFORD NOTCH, NH US","2022-08-15","0.0"
"USC00271800","CRAWFORD NOTCH, NH US","2022-08-16","0.0"
"USC00271800","CRAWFORD NOTCH, NH US","2022-08-17","0.0"
"USC00271800","CRAWFORD NOTCH, NH US","2022-08-18","0.0"
"USC00271800","CRAWFORD NOTCH, NH US","2022-08-19","0.0"
"USC00271800","CRAWFORD NOTCH, NH US","2022-08-20","0.0"
"USC00271800","CRAWFORD NOTCH, NH US","2022-08-21","0.0"
"USC00271800","CRAWFORD NOTCH, NH US","2022-08-22","0.0"
"USC00271800","CRAWFORD NOTCH, NH US","2022-08-23","0.0"
"USC00271800","CRAWFORD NOTCH, NH US","2022-08-24","0.0"
"USC00271800","CRAWFORD NOTCH, NH US","2022-08-25","0.0"
"USC00271800","CRAWFORD NOTCH, NH US","2022-08-26","0.0"
"USC00271800","CRAWFORD NOTCH, NH US","2022-08-27","0.0"
"USC00271800","CRAWFORD NOTCH, NH US","2022-08-28","0.0"
"USC00271800","CRAWFORD NOTCH, NH US","2022-08-29","0.0"
"USC00271800","CRAWFORD NOTCH, NH US","2022-08-30","0.0"
"USC00271800","CRAWFORD NOTCH, NH US","2022-08-31","0.0"
"USC00271800","CRAWFORD NOTCH, NH US","2022-09-01","0.0"
"USC00271800","CRAWFORD NOTCH, NH US","2022-09-02","0.0"
"USC00271800","CRAWFORD NOTCH, NH US","2022-09-03","0.0"
"USC00271800","CRAWFORD NOTCH, NH US","2022-09-04","0.0"
"USC00271800","CRAWFORD NOTCH, NH US","2022-09-05","0.0"
"USC00271800","CRAWFORD NOTCH, NH US","2022-09-06","0.0"
"USC00271800","CRAWFORD NOTCH, NH US","2022-09-07","0.0"
"USC00271800","CRAWFORD NOTCH, NH US","2022-09-08","0.0"
"USC00271800","CRAWFORD NOTCH, NH US","2022-09-09","0.0"
"USC00271800","CRAWFORD NOTCH, NH US","2022-09-10","0.0"
"USC00271800","CRAWFORD NOTCH, NH US","2022-09-11","0.0"
"USC00271800","CRAWFORD NOTCH, NH US","2022-09-12","0.0"
"USC00271800","CRAWFORD NOTCH, NH US","2022-09-13","0.0"
"USC00271800","CRAWFORD NOTCH, NH US","2022-09-14","0.0"
"USC00271800","CRAWFORD NOTCH, NH US","2022-09-15","0.0"
"USC00271800","CRAWFORD NOTCH, NH US","2022-09-16","0.0"
"USC00271800","CRAWFORD NOTCH, NH US","2022-09-17","0.0"
"USC00271800","CRAWFORD NOTCH, NH US","2022-09-18","0.0"
"USC00271800","CRAWFORD NOTCH, NH US","2022-09-19","0.0"
"USC00271800","CRAWFORD NOTCH, NH US","2022-09-20","0.0"
"USC00271800","CRAWFORD NOTCH, NH US","2022-09-21","0.0"
"USC00271800","CRAWFORD NOTCH, NH US","2022-09-22","0.0"
"USC00271800","CRAWFORD NOTCH, NH US","2022-09-23","0.0"
"USC00271800","CRAWFORD NOTCH, NH US","2022-09-24","0.0"
"USC00271800","CRAWFORD NOTCH, NH US","2022-09-25","0.0"
"USC00271800","CRAWFORD NOTCH, NH US","2022-09-26","0.0"
"USC00271800","CRAWFORD NOTCH, NH US","2022-09-27","0.0"
"USC00271800","CRAWFORD NOTCH, NH US","2022-09-28","0.0"
"USC00271800","CRAWFORD NOTCH, NH US","2022-09-29","0.0"
"USC00271800","CRAWFORD NOTCH, NH US","2022-09-30","0.0"
"USC00271800","CRAWFORD NOTCH, NH US","2022-10-01","0.0"
"USC00271800","CRAWFORD NOTCH, NH US","2022-10-02","0.0"
"USC00271800","CRAWFORD NOTCH, NH US","2022-10-03","0.0"
"USC00271800","CRAWFORD NOTCH, NH US","2022-10-04","0.0"
"USC00271800","CRAWFORD NOTCH, NH US","2022-10-05","0.0"
"USC00271800","CRAWFORD NOTCH, NH US","2022-10-06","0.0"
"USC00271800","CRAWFORD NOTCH, NH US","2022-10-07","0.0"
"USC00271800","CRAWFORD NOTCH, NH US","2022-10-08","0.0"
"USC00271800","CRAWFORD NOTCH, NH US","2022-10-09","0.0"
"USC00271800","CRAWFORD NOTCH, NH US","2022-10-10","0.0"
"USC00271800","CRAWFORD NOTCH, NH US","2022-10-11","0.0"
"USC00271800","CRAWFORD NOTCH, NH US","2022-10-12","0.0"
"USC00271800","CRAWFORD NOTCH, NH US","2022-10-13","0.0"
"USC00271800","CRAWFORD NOTCH, NH US","2022-10-14","0.0"
"USC00271800","CRAWFORD NOTCH, NH US","2022-10-15","0.0"
"USC00271800","CRAWFORD NOTCH, NH US","2022-10-16","0.0"
"USC00271800","CRAWFORD NOTCH, NH US","2022-10-17","0.0"
"USC00271800","CRAWFORD NOTCH, NH US","2022-10-18","0.0"
"USC00271800","CRAWFORD NOTCH, NH US","2022-10-19","0.0"
"USC00271800","CRAWFORD NOTCH, NH US","2022-10-20","0.0"
"USC00271800","CRAWFORD NOTCH, NH US","2022-10-21","0.0"
"USC00271800","CRAWFORD NOTCH, NH US","2022-10-22","0.0"
"USC00271800","CRAWFORD NOTCH, NH US","2022-10-23","0.0"
"USC00271800","CRAWFORD NOTCH, NH US","2022-10-24","0.0"
"USC00271800","CRAWFORD NOTCH, NH US","2022-10-25","0.0"
"USC00271800","CRAWFORD NOTCH, NH US","2022-10-26","0.0"
"USC00271800","CRAWFORD NOTCH, NH US","2022-10-27","0.0"
"USC00271800","CRAWFORD NOTCH, NH US","2022-10-28","0.0"
"USC00271800","CRAWFORD NOTCH, NH US","2022-10-29","0.0"
"USC00271800","CRAWFORD NOTCH, NH US","2022-10-30","0.0"
"USC00271800","CRAWFORD NOTCH, NH US","2022-10-31","0.0"
"USC00271800","CRAWFORD NOTCH, NH US","2022-11-01","0.0"
"USC00271800","CRAWFORD NOTCH, NH US","2022-11-02","0.0"
"USC00271800","CRAWFORD NOTCH, NH US","2022-11-03","0.0"
"USC00271800","CRAWFORD NOTCH, NH US","2022-11-04","0.0"
"USC00271800","CRAWFORD NOTCH, NH US","2022-11-05","0.0"
"USC00271800","CRAWFORD NOTCH, NH US","2022-11-06","0.0"
"USC00271800","CRAWFORD NOTCH, NH US","2022-11-07","0.0"
"USC00271800","CRAWFORD NOTCH, NH US","2022-11-08","0.0"
"USC00271800","CRAWFORD NOTCH, NH US","2022-11-09","0.0"
"USC00271800","CRAWFORD NOTCH, NH US","2022-11-10","0.0"
"USC00271800","CRAWFORD NOTCH, NH US","2022-11-11","0.0"
"USC00271800","CRAWFORD NOTCH, NH US","2022-11-12","0.0"
"USC00271800","CRAWFORD NOTCH, NH US","2022-11-13","0.0"
"USC00271800","CRAWFORD NOTCH, NH US","2022-11-14","1.0"
"USC00271800","CRAWFORD NOTCH, NH US","2022-11-15","1.0"
"USC00271800","CRAWFORD NOTCH, NH US","2022-11-16","2.0"
"USC00271800","CRAWFORD NOTCH, NH US","2022-11-17","2.0"
"USC00271800","CRAWFORD NOTCH, NH US","2022-11-18","2.0"
"USC00271800","CRAWFORD NOTCH, NH US","2022-11-19","2.0"
"USC00271800","CRAWFORD NOTCH, NH US","2022-11-20","3.0"
"USC00271800","CRAWFORD NOTCH, NH US","2022-11-21","4.0"
"USC00271800","CRAWFORD NOTCH, NH US","2022-11-22","2.0"
"USC00271800","CRAWFORD NOTCH, NH US","2022-11-23","1.0"
"USC00271800","CRAWFORD NOTCH, NH US","2022-11-24","0.0"
"USC00271800","CRAWFORD NOTCH, NH US","2022-11-25","0.0"
"USC00271800","CRAWFORD NOTCH, NH US","2022-11-26","0.0"
"USC00271800","CRAWFORD NOTCH, NH US","2022-11-27","0.0"
"USC00271800","CRAWFORD NOTCH, NH US","2022-11-28","0.0"
"USC00271800","CRAWFORD NOTCH, NH US","2022-11-29","0.0"
"USC00271800","CRAWFORD NOTCH, NH US","2022-11-30","0.0"
"USC00271800","CRAWFORD NOTCH, NH US","2022-12-01","0.0"
"USC00271800","CRAWFORD NOTCH, NH US","2022-12-02","0.0"
"USC00271800","CRAWFORD NOTCH, NH US","2022-12-03","0.0"
"USC00271800","CRAWFORD NOTCH, NH US","2022-12-04","0.0"
"USC00271800","CRAWFORD NOTCH, NH US","2022-12-05","0.0"
"USC00271800","CRAWFORD NOTCH, NH US","2022-12-06","0.0"
"USC00271800","CRAWFORD NOTCH, NH US","2022-12-07","0.0"
"USC00271800","CRAWFORD NOTCH, NH US","2022-12-08","0.0"
"USC00271800","CRAWFORD NOTCH, NH US","2022-12-09","0.0"
"USC00271800","CRAWFORD NOTCH, NH US","2022-12-10","0.0"
"USC00271800","CRAWFORD NOTCH, NH US","2022-12-12","1.0"
"USC00271800","CRAWFORD NOTCH, NH US","2022-12-14","1.0"
"USC00271800","CRAWFORD NOTCH, NH US","2022-12-16","10.0"
"USC00271800","CRAWFORD NOTCH, NH US","2022-12-17","17.0"
"USC00271800","CRAWFORD NOTCH, NH US","2022-12-18","17.0"
"USC00271800","CRAWFORD NOTCH, NH US","2022-12-19","17.0"
"USC00271800","CRAWFORD NOTCH, NH US","2022-12-20","17.0"
"USC00271800","CRAWFORD NOTCH, NH US","2022-12-21","16.0"
"USC00271800","CRAWFORD NOTCH, NH US","2022-12-22","16.0"
"USC00271800","CRAWFORD NOTCH, NH US","2022-12-24",
"USC00271800","CRAWFORD NOTCH, NH US","2022-12-28","8.0"
"USC00271800","CRAWFORD NOTCH, NH US","2022-12-29","6.0"
"USC00271800","CRAWFORD NOTCH, NH US","2022-12-30","3.0"
"USC00271800","CRAWFORD NOTCH, NH US","2022-12-31","3.0"
"USC00271800","CRAWFORD NOTCH, NH US","2023-01-01","3.0"
"USC00271800","CRAWFORD NOTCH, NH US","2023-01-02","2.0"
"USC00271800","CRAWFORD NOTCH, NH US","2023-01-03","2.0"
"USC00271800","CRAWFORD NOTCH, NH US","2023-01-04","1.0"
"USC00271800","CRAWFORD NOTCH, NH US","2023-01-05","1.0"
"USC00271800","CRAWFORD NOTCH, NH US","2023-01-06","2.0"
"USC00271800","CRAWFORD NOTCH, NH US","2023-01-07","3.0"
"USC00271800","CRAWFORD NOTCH, NH US","2023-01-08","3.0"
"USC00271800","CRAWFORD NOTCH, NH US","2023-01-09","3.0"
"USC00271800","CRAWFORD NOTCH, NH US","2023-01-10","3.0"
"USC00271800","CRAWFORD NOTCH, NH US","2023-01-11","3.0"
"USC00271800","CRAWFORD NOTCH, NH US","2023-01-12","6.0"
"USC00271800","CRAWFORD NOTCH, NH US","2023-01-13","7.0"
"USC00271800","CRAWFORD NOTCH, NH US","2023-01-15","5.0"
"USC00271800","CRAWFORD NOTCH, NH US","2023-01-16","5.0"
"USC00271800","CRAWFORD NOTCH, NH US","2023-01-17","5.0"
"USC00271800","CRAWFORD NOTCH, NH US","2023-01-19","8.0"
"USC00271800","CRAWFORD NOTCH, NH US","2023-01-20","9.0"
"USC00271800","CRAWFORD NOTCH, NH US","2023-01-21","9.0"
"USC00271800","CRAWFORD NOTCH, NH US","2023-01-23","15.0"
"USC00271800","CRAWFORD NOTCH, NH US","2023-01-24","16.0"
"USC00271800","CRAWFORD NOTCH, NH US","2023-01-25","18.0"
"USC00271800","CRAWFORD NOTCH, NH US","2023-01-27","18.0"
"USC00271800","CRAWFORD NOTCH, NH US","2023-01-28","18.0"
"USC00271800","CRAWFORD NOTCH, NH US","2023-01-31","20.0"
"USC00271800","CRAWFORD NOTCH, NH US","2023-02-01","20.0"
"USC00271800","CRAWFORD NOTCH, NH US","2023-02-02","20.0"
"USC00271800","CRAWFORD NOTCH, NH US","2023-02-03","20.0"
"USC00271800","CRAWFORD NOTCH, NH US","2023-02-05","20.0"
"USC00271800","CRAWFORD NOTCH, NH US","2023-02-06","20.0"
"USC00271800","CRAWFORD NOTCH, NH US","2023-02-07","20.0"
"USC00271800","CRAWFORD NOTCH, NH US","2023-02-08","17.0"
"USC00271800","CRAWFORD NOTCH, NH US","2023-02-09","18.0"
"USC00271800","CRAWFORD NOTCH, NH US","2023-02-10","20.0"
"USC00271800","CRAWFORD NOTCH, NH US","2023-02-12","20.0"
"USC00271800","CRAWFORD NOTCH, NH US","2023-02-13","20.0"
"USC00271800","CRAWFORD NOTCH, NH US","2023-02-14","22.0"
"USC00271800","CRAWFORD NOTCH, NH US","2023-02-15","14.0"
"USC00271800","CRAWFORD NOTCH, NH US","2023-02-16","14.0"
"USC00271800","CRAWFORD NOTCH, NH US","2023-02-17","14.0"
"USC00271800","CRAWFORD NOTCH, NH US","2023-02-18","14.0"
"USC00271800","CRAWFORD NOTCH, NH US","2023-02-19","14.0"
"USC00271800","CRAWFORD NOTCH, NH US","2023-02-20","14.0"
"USC00271800","CRAWFORD NOTCH, NH US","2023-02-21","15.0"
"USC00271800","CRAWFORD NOTCH, NH US","2023-02-22","19.0"
"USC00271800","CRAWFORD NOTCH, NH US","2023-02-23","20.0"
"USC00271800","CRAWFORD NOTCH, NH US","2023-02-25","19.0"
"USC00271800","CRAWFORD NOTCH, NH US","2023-02-26","19.0"
"USC00271800","CRAWFORD NOTCH, NH US","2023-02-27","20.0"
"USC00271800","CRAWFORD NOTCH, NH US","2023-02-28","23.0"
"USC00271800","CRAWFORD NOTCH, NH US","2023-03-01","31.0"
"USC00271800","CRAWFORD NOTCH, NH US","2023-03-02","33.0"
"USC00271800","CRAWFORD NOTCH, NH US","2023-03-03","34.0"
"USC00271800","CRAWFORD NOTCH, NH US","2023-03-04","37.0"
"USC00271800","CRAWFORD NOTCH, NH US","2023-03-05","35.0"
"USC00271800","CRAWFORD NOTCH, NH US","2023-03-06","35.0"
"USC00271800","CRAWFORD NOTCH, NH US","2023-03-07","37.0"
"USC00271800","CRAWFORD NOTCH, NH US","2023-03-08","37.0"
"USC00271800","CRAWFORD NOTCH, NH US","2023-03-09","37.0"
"USC00271800","CRAWFORD NOTCH, NH US","2023-03-10","37.0"
"USC00271800","CRAWFORD NOTCH, NH US","2023-03-11","37.0"
"USC00271800","CRAWFORD NOTCH, NH US","2023-03-12","35.0"
"USC00271800","CRAWFORD NOTCH, NH US","2023-03-13","35.0"
"USC00271800","CRAWFORD NOTCH, NH US","2023-03-14","38.0"
"USC00271800","CRAWFORD NOTCH, NH US","2023-03-15","36.0"
"USC00271800","CRAWFORD NOTCH, NH US","2023-03-16","36.0"
"USC00271800","CRAWFORD NOTCH, NH US","2023-03-17","33.0"
"USC00271800","CRAWFORD NOTCH, NH US","2023-03-18","29.0"
"USC00271800","CRAWFORD NOTCH, NH US","2023-03-19","31.0"
"USC00271800","CRAWFORD NOTCH, NH US","2023-03-20","28.0"
"USC00271800","CRAWFORD NOTCH, NH US","2023-03-21","26.0"
"USC00271800","CRAWFORD NOTCH, NH US","2023-03-22","27.0"
"USC00271800","CRAWFORD NOTCH, NH US","2023-03-23","27.0"
"USC00271800","CRAWFORD NOTCH, NH US","2023-03-24","27.0"
"USC00271800","CRAWFORD NOTCH, NH US","2023-03-25","29.0"
"USC00271800","CRAWFORD NOTCH, NH US","2023-03-27","27.0"
"USC00271800","CRAWFORD NOTCH, NH US","2023-03-28","27.0"
"USC00271800","CRAWFORD NOTCH, NH US","2023-03-29","26.0"
"USC00271800","CRAWFORD NOTCH, NH US","2023-03-30","30.0"
"USC00271800","CRAWFORD NOTCH, NH US","2023-03-31","33.0"
"USC00271800","CRAWFORD NOTCH, NH US","2023-04-01","27.0"
"USC00271800","CRAWFORD NOTCH, NH US","2023-04-02","27.0"
"USC00271800","CRAWFORD NOTCH, NH US","2023-04-03","27.0"
"USC00271800","CRAWFORD NOTCH, NH US","2023-04-04","28.0"
"USC00271800","CRAWFORD NOTCH, NH US","2023-04-05","28.0"
"USC00271800","CRAWFORD NOTCH, NH US","2023-04-06","27.0"
"USC00271800","CRAWFORD NOTCH, NH US","2023-04-07","26.0"
"USC00271800","CRAWFORD NOTCH, NH US","2023-04-08","25.0"
"USC00271800","CRAWFORD NOTCH, NH US","2023-04-09","24.0"
"USC00271800","CRAWFORD NOTCH, NH US","2023-04-10","23.0"
"USC00271800","CRAWFORD NOTCH, NH US","2023-04-11","23.0"
"USC00271800","CRAWFORD NOTCH, NH US","2023-04-12","22.0"
"USC00271800","CRAWFORD NOTCH, NH US","2023-04-13","18.0"
"USC00271800","CRAWFORD NOTCH, NH US","2023-04-14",
"USC00271800","CRAWFORD NOTCH, NH US","2023-04-15",
"USC00271800","CRAWFORD NOTCH, NH US","2023-04-16","11.0"
"USC00271800","CRAWFORD NOTCH, NH US","2023-04-17",
"USC00271800","CRAWFORD NOTCH, NH US","2023-04-18","0.0"
"USC00271800","CRAWFORD NOTCH, NH US","2023-04-19","0.0"
"USC00271800","CRAWFORD NOTCH, NH US","2023-04-20","0.0"
"USC00271800","CRAWFORD NOTCH, NH US","2023-04-21","0.0"
"USC00271800","CRAWFORD NOTCH, NH US","2023-04-22","0.0"
"USC00271800","CRAWFORD NOTCH, NH US","2023-04-23","0.0"
"USC00271800","CRAWFORD NOTCH, NH US","2023-04-24","0.0"
"USC00271800","CRAWFORD NOTCH, NH US","2023-04-25","0.0"
"USC00271800","CRAWFORD NOTCH, NH US","2023-04-26","0.0"
"USC00271800","CRAWFORD NOTCH, NH US","2023-04-27","0.0"
"USC00271800","CRAWFORD NOTCH, NH US","2023-04-28","0.0"
"USC00271800","CRAWFORD NOTCH, NH US","2023-04-29","0.0"
"USC00271800","CRAWFORD NOTCH, NH US","2023-04-30","0.0"
"USC00271800","CRAWFORD NOTCH, NH US","2023-05-01","0.0"
"USC00271800","CRAWFORD NOTCH, NH US","2023-05-02","0.0"
"USC00271800","CRAWFORD NOTCH, NH US","2023-05-03","0.0"
"USC00271800","CRAWFORD NOTCH, NH US","2023-05-04","0.0"
"USC00271800","CRAWFORD NOTCH, NH US","2023-05-05","0.0"
"USC00271800","CRAWFORD NOTCH, NH US","2023-05-06","0.0"
"USC00271800","CRAWFORD NOTCH, NH US","2023-05-07","0.0"
"USC00271800","CRAWFORD NOTCH, NH US","2023-05-08","0.0"
"USC00271800","CRAWFORD NOTCH, NH US","2023-05-09","0.0"
"USC00271800","CRAWFORD NOTCH, NH US","2023-05-10","0.0"
"USC00271800","CRAWFORD NOTCH, NH US","2023-05-11","0.0"
"USC00271800","CRAWFORD NOTCH, NH US","2023-05-12","0.0"
"USC00271800","CRAWFORD NOTCH, NH US","2023-05-13","0.0"
"USC00271800","CRAWFORD NOTCH, NH US","2023-05-14","0.0"
"USC00271800","CRAWFORD NOTCH, NH US","2023-05-15","0.0"
"USC00271800","CRAWFORD NOTCH, NH US","2023-05-16","0.0"
"USC00271800","CRAWFORD NOTCH, NH US","2023-05-17","0.0"
"USC00271800","CRAWFORD NOTCH, NH US","2023-05-18","0.0"
"USC00271800","CRAWFORD NOTCH, NH US","2023-05-21",
"USC00271800","CRAWFORD NOTCH, NH US","2023-05-22","0.0"
"USC00271800","CRAWFORD NOTCH, NH US","2023-05-23","0.0"
"USC00271800","CRAWFORD NOTCH, NH US","2023-05-24","0.0"
"USC00271800","CRAWFORD NOTCH, NH US","2023-05-25","0.0"
"USC00271800","CRAWFORD NOTCH, NH US","2023-05-26","0.0"
"USC00271800","CRAWFORD NOTCH, NH US","2023-05-27","0.0"
"USC00271800","CRAWFORD NOTCH, NH US","2023-05-28","0.0"
"USC00271800","CRAWFORD NOTCH, NH US","2023-05-29","0.0"
"USC00271800","CRAWFORD NOTCH, NH US","2023-05-30","0.0"
"USC00271800","CRAWFORD NOTCH, NH US","2023-05-31","0.0"
"USC00271800","CRAWFORD NOTCH, NH US","2023-06-01","0.0"
"USC00271800","CRAWFORD NOTCH, NH US","2023-06-02","0.0"
"USC00271800","CRAWFORD NOTCH, NH US","2023-06-03","0.0"
"USC00271800","CRAWFORD NOTCH, NH US","2023-06-04","0.0"
"USC00271800","CRAWFORD NOTCH, NH US","2023-06-05","0.0"
"USC00271800","CRAWFORD NOTCH, NH US","2023-06-06","0.0"
"USC00271800","CRAWFORD NOTCH, NH US","2023-06-07","0.0"
"USC00271800","CRAWFORD NOTCH, NH US","2023-06-08","0.0"
"USC00271800","CRAWFORD NOTCH, NH US","2023-06-09","0.0"
"USC00271800","CRAWFORD NOTCH, NH US","2023-06-10","0.0"
"USC00271800","CRAWFORD NOTCH, NH US","2023-06-11","0.0"
"USC00271800","CRAWFORD NOTCH, NH US","2023-06-12","0.0"
"USC00271800","CRAWFORD NOTCH, NH US","2023-06-13","0.0"
"USC00271800","CRAWFORD NOTCH, NH US","2023-06-14","0.0"
"USC00271800","CRAWFORD NOTCH, NH US","2023-06-15","0.0"
"USC00271800","CRAWFORD NOTCH, NH US","2023-06-16","0.0"
"USC00271800","CRAWFORD NOTCH, NH US","2023-06-17","0.0"
"USC00271800","CRAWFORD NOTCH, NH US","2023-06-18","0.0"
"USC00271800","CRAWFORD NOTCH, NH US","2023-06-19","0.0"
"USC00271800","CRAWFORD NOTCH, NH US","2023-06-20","0.0"
"USC00271800","CRAWFORD NOTCH, NH US","2023-06-21","0.0"
"USC00271800","CRAWFORD NOTCH, NH US","2023-06-22","0.0"
"USC00271800","CRAWFORD NOTCH, NH US","2023-06-23","0.0"
"USC00271800","CRAWFORD NOTCH, NH US","2023-06-24","0.0"
"USC00271800","CRAWFORD NOTCH, NH US","2023-06-25","0.0"
"USC00271800","CRAWFORD NOTCH, NH US","2023-06-26","0.0"
"USC00271800","CRAWFORD NOTCH, NH US","2023-06-27","0.0"
"USC00271800","CRAWFORD NOTCH, NH US","2023-06-28","0.0"
"USC00271800","CRAWFORD NOTCH, NH US","2023-06-29","0.0"
"USC00271800","CRAWFORD NOTCH, NH US","2023-06-30","0.0"
"USC00271800","CRAWFORD NOTCH, NH US","2023-07-01","0.0"
"USC00271800","CRAWFORD NOTCH, NH US","2023-07-02","0.0"
"USC00271800","CRAWFORD NOTCH, NH US","2023-07-03","0.0"
"USC00271800","CRAWFORD NOTCH, NH US","2023-07-04","0.0"
"USC00271800","CRAWFORD NOTCH, NH US","2023-07-05","0.0"
"USC00271800","CRAWFORD NOTCH, NH US","2023-07-06","0.0"
"USC00271800","CRAWFORD NOTCH, NH US","2023-07-07","0.0"
"USC00271800","CRAWFORD NOTCH, NH US","2023-07-08","0.0"
"USC00271800","CRAWFORD NOTCH, NH US","2023-07-09","0.0"
"USC00271800","CRAWFORD NOTCH, NH US","2023-07-10","0.0"
"USC00271800","CRAWFORD NOTCH, NH US","2023-07-11","0.0"
"USC00271800","CRAWFORD NOTCH, NH US","2023-07-12","0.0"
"USC00271800","CRAWFORD NOTCH, NH US","2023-07-13","0.0"
"USC00271800","CRAWFORD NOTCH, NH US","2023-07-14","0.0"
"USC00271800","CRAWFORD NOTCH, NH US","2023-07-15","0.0"
"USC00271800","CRAWFORD NOTCH, NH US","2023-07-16","0.0"
"USC00271800","CRAWFORD NOTCH, NH US","2023-07-17","0.0"
"USC00271800","CRAWFORD NOTCH, NH US","2023-07-18","0.0"
"USC00271800","CRAWFORD NOTCH, NH US","2023-07-19","0.0"
"USC00271800","CRAWFORD NOTCH, NH US","2023-07-20","0.0"
"USC00271800","CRAWFORD NOTCH, NH US","2023-07-21","0.0"
"USC00271800","CRAWFORD NOTCH, NH US","2023-07-22","0.0"
"USC00271800","CRAWFORD NOTCH, NH US","2023-07-23","0.0"
"USC00271800","CRAWFORD NOTCH, NH US","2023-07-24","0.0"
"USC00271800","CRAWFORD NOTCH, NH US","2023-07-25","0.0"
"USC00271800","CRAWFORD NOTCH, NH US","2023-07-26","0.0"
"USC00271800","CRAWFORD NOTCH, NH US","2023-07-27","0.0"
"USC00271800","CRAWFORD NOTCH, NH US","2023-07-28","0.0"
"USC00271800","CRAWFORD NOTCH, NH US","2023-07-29","0.0"
"USC00271800","CRAWFORD NOTCH, NH US","2023-07-30","0.0"
"USC00271800","CRAWFORD NOTCH, NH US","2023-07-31","0.0"
"USC00271800","CRAWFORD NOTCH, NH US","2023-08-01","0.0"
"USC00271800","CRAWFORD NOTCH, NH US","2023-08-02","0.0"
"USC00271800","CRAWFORD NOTCH, NH US","2023-08-03","0.0"
"USC00271800","CRAWFORD NOTCH, NH US","2023-08-04","0.0"
"USC00271800","CRAWFORD NOTCH, NH US","2023-08-05","0.0"
"USC00271800","CRAWFORD NOTCH, NH US","2023-08-06","0.0"
"USC00271800","CRAWFORD NOTCH, NH US","2023-08-07","0.0"
"USC00271800","CRAWFORD NOTCH, NH US","2023-08-08","0.0"
"USC00271800","CRAWFORD NOTCH, NH US","2023-08-09","0.0"
"USC00271800","CRAWFORD NOTCH, NH US","2023-08-10","0.0"
"USC00271800","CRAWFORD NOTCH, NH US","2023-08-11","0.0"
"USC00271800","CRAWFORD NOTCH, NH US","2023-08-12","0.0"
"USC00271800","CRAWFORD NOTCH, NH US","2023-08-13","0.0"
"USC00271800","CRAWFORD NOTCH, NH US","2023-08-14","0.0"
"USC00271800","CRAWFORD NOTCH, NH US","2023-08-15","0.0"
"USC00271800","CRAWFORD NOTCH, NH US","2023-08-16","0.0"
"USC00271800","CRAWFORD NOTCH, NH US","2023-08-17","0.0"
"USC00271800","CRAWFORD NOTCH, NH US","2023-08-18","0.0"
"USC00271800","CRAWFORD NOTCH, NH US","2023-08-19","0.0"
"USC00271800","CRAWFORD NOTCH, NH US","2023-08-20","0.0"
"USC00271800","CRAWFORD NOTCH, NH US","2023-08-21","0.0"
"USC00271800","CRAWFORD NOTCH, NH US","2023-08-22","0.0"
"USC00271800","CRAWFORD NOTCH, NH US","2023-08-23","0.0"
"USC00271800","CRAWFORD NOTCH, NH US","2023-08-24","0.0"
"USC00271800","CRAWFORD NOTCH, NH US","2023-08-25","0.0"
"USC00271800","CRAWFORD NOTCH, NH US","2023-08-26","0.0"
"USC00271800","CRAWFORD NOTCH, NH US","2023-08-27","0.0"
"USC00271800","CRAWFORD NOTCH, NH US","2023-08-28","0.0"
"USC00271800","CRAWFORD NOTCH, NH US","2023-08-29","0.0"
"USC00271800","CRAWFORD NOTCH, NH US","2023-08-30","0.0"
"USC00271800","CRAWFORD NOTCH, NH US","2023-08-31","0.0"
"USC00271800","CRAWFORD NOTCH, NH US","2023-09-01","0.0"
"USC00271800","CRAWFORD NOTCH, NH US","2023-09-02","0.0"
"USC00271800","CRAWFORD NOTCH, NH US","2023-09-03","0.0"
"USC00271800","CRAWFORD NOTCH, NH US","2023-09-04","0.0"
"USC00271800","CRAWFORD NOTCH, NH US","2023-09-05","0.0"
"USC00271800","CRAWFORD NOTCH, NH US","2023-09-06","0.0"
"USC00271800","CRAWFORD NOTCH, NH US","2023-09-07","0.0"
"USC00271800","CRAWFORD NOTCH, NH US","2023-09-08","0.0"
"USC00271800","CRAWFORD NOTCH, NH US","2023-09-09","0.0"
"USC00271800","CRAWFORD NOTCH, NH US","2023-09-10","0.0"
"USC00271800","CRAWFORD NOTCH, NH US","2023-09-11","0.0"
"USC00271800","CRAWFORD NOTCH, NH US","2023-09-12","0.0"
"USC00271800","CRAWFORD NOTCH, NH US","2023-09-13","0.0"
"USC00271800","CRAWFORD NOTCH, NH US","2023-09-14","0.0"
"USC00271800","CRAWFORD NOTCH, NH US","2023-09-15","0.0"
"USC00271800","CRAWFORD NOTCH, NH US","2023-09-16","0.0"
"USC00271800","CRAWFORD NOTCH, NH US","2023-09-17","0.0"
"USC00271800","CRAWFORD NOTCH, NH US","2023-09-18","0.0"
"USC00271800","CRAWFORD NOTCH, NH US","2023-09-19","0.0"
"USC00271800","CRAWFORD NOTCH, NH US","2023-09-20","0.0"
"USC00271800","CRAWFORD NOTCH, NH US","2023-09-21","0.0"
"USC00271800","CRAWFORD NOTCH, NH US","2023-09-22","0.0"
"USC00271800","CRAWFORD NOTCH, NH US","2023-09-23","0.0"
"USC00271800","CRAWFORD NOTCH, NH US","2023-09-24","0.0"
"USC00271800","CRAWFORD NOTCH, NH US","2023-09-25","0.0"
"USC00271800","CRAWFORD NOTCH, NH US","2023-09-26","0.0"
"USC00271800","CRAWFORD NOTCH, NH US","2023-09-27","0.0"
"USC00271800","CRAWFORD NOTCH, NH US","2023-09-28","0.0"
"USC00271800","CRAWFORD NOTCH, NH US","2023-09-29","0.0"
"USC00271800","CRAWFORD NOTCH, NH US","2023-09-30","0.0"
"USC00271800","CRAWFORD NOTCH, NH US","2023-10-01","0.0"
"USC00271800","CRAWFORD NOTCH, NH US","2023-10-02","0.0"
"USC00271800","CRAWFORD NOTCH, NH US","2023-10-03","0.0"
"USC00271800","CRAWFORD NOTCH, NH US","2023-10-04","0.0"
"USC00271800","CRAWFORD NOTCH, NH US","2023-10-05","0.0"
"USC00271800","CRAWFORD NOTCH, NH US","2023-10-06","0.0"
"USC00271800","CRAWFORD NOTCH, NH US","2023-10-07","0.0"
"USC00271800","CRAWFORD NOTCH, NH US","2023-10-08","0.0"
"USC00271800","CRAWFORD NOTCH, NH US","2023-10-09","0.0"
"USC00271800","CRAWFORD NOTCH, NH US","2023-10-10","0.0"
"USC00271800","CRAWFORD NOTCH, NH US","2023-10-11","0.0"
"USC00271800","CRAWFORD NOTCH, NH US","2023-10-12","0.0"
"USC00271800","CRAWFORD NOTCH, NH US","2023-10-13","0.0"
"USC00271800","CRAWFORD NOTCH, NH US","2023-10-14","0.0"
"USC00271800","CRAWFORD NOTCH, NH US","2023-10-15","0.0"
"USC00271800","CRAWFORD NOTCH, NH US","2023-10-16","0.0"
"USC00271800","CRAWFORD NOTCH, NH US","2023-10-17","0.0"
"USC00271800","CRAWFORD NOTCH, NH US","2023-10-18","0.0"
"USC00271800","CRAWFORD NOTCH, NH US","2023-10-19","0.0"
"USC00271800","CRAWFORD NOTCH, NH US","2023-10-20","0.0"
"USC00271800","CRAWFORD NOTCH, NH US","2023-10-21","0.0"
"USC00271800","CRAWFORD NOTCH, NH US","2023-10-22","0.0"
"USC00271800","CRAWFORD NOTCH, NH US","2023-10-23","0.0"
"USC00271800","CRAWFORD NOTCH, NH US","2023-10-24","0.0"
"USC00271800","CRAWFORD NOTCH, NH US","2023-10-25","0.0"
"USC00271800","CRAWFORD NOTCH, NH US","2023-10-26","0.0"
"USC00271800","CRAWFORD NOTCH, NH US","2023-10-27","0.0"
"USC00271800","CRAWFORD NOTCH, NH US","2023-10-28","0.0"
"USC00271800","CRAWFORD NOTCH, NH US","2023-10-29","0.0"
"USC00271800","CRAWFORD NOTCH, NH US","2023-10-30","0.0"
"USC00271800","CRAWFORD NOTCH, NH US","2023-10-31","0.0"
"USC00271800","CRAWFORD NOTCH, NH US","2023-11-01","0.0"
"USC00271800","CRAWFORD NOTCH, NH US","2023-11-02","0.0"
"USC00271800","CRAWFORD NOTCH, NH US","2023-11-03","0.0"
"USC00271800","CRAWFORD NOTCH, NH US","2023-11-04","0.0"
"USC00271800","CRAWFORD NOTCH, NH US","2023-11-05","0.0"
"USC00271800","CRAWFORD NOTCH, NH US","2023-11-06","0.0"
"USC00271800","CRAWFORD NOTCH, NH US","2023-11-07","0.0"
"USC00271800","CRAWFORD NOTCH, NH US","2023-11-08","0.0"
"USC00271800","CRAWFORD NOTCH, NH US","2023-11-09","0.0"
"USC00271800","CRAWFORD NOTCH, NH US","2023-11-10","1.0"
"USC00271800","CRAWFORD NOTCH, NH US","2023-11-11","1.0"
"USC00271800","CRAWFORD NOTCH, NH US","2023-11-12","0.0"
"USC00271800","CRAWFORD NOTCH, NH US","2023-11-13","0.0"
"USC00271800","CRAWFORD NOTCH, NH US","2023-11-14","0.0"
"USC00271800","CRAWFORD NOTCH, NH US","2023-11-15","0.0"
"USC00271800","CRAWFORD NOTCH, NH US","2023-11-16","0.0"
"USC00271800","CRAWFORD NOTCH, NH US","2023-11-17","0.0"
"USC00271800","CRAWFORD NOTCH, NH US","2023-11-18","0.0"
"USC00271800","CRAWFORD NOTCH, NH US","2023-11-19","0.0"
"USC00271800","CRAWFORD NOTCH, NH US","2023-11-20","1.0"
"USC00271800","CRAWFORD NOTCH, NH US","2023-11-21","1.0"
"USC00271800","CRAWFORD NOTCH, NH US","2023-11-22","3.0"
"USC00271800","CRAWFORD NOTCH, NH US","2023-11-23","1.0"
"USC00271800","CRAWFORD NOTCH, NH US","2023-11-24","1.0"
"USC00271800","CRAWFORD NOTCH, NH US","2023-11-25","1.0"
"USC00271800","CRAWFORD NOTCH, NH US","2023-11-26","1.0"
"USC00271800","CRAWFORD NOTCH, NH US","2023-11-27","1.0"
"USC00271800","CRAWFORD NOTCH, NH US","2023-11-28","3.0"
"USC00271800","CRAWFORD NOTCH, NH US","2023-11-29","5.0"
"USC00271800","CRAWFORD NOTCH, NH US","2023-11-30","5.0"
"USC00271800","CRAWFORD NOTCH, NH US","2023-12-01","3.0"
"USC00271800","CRAWFORD NOTCH, NH US","2023-12-02","2.0"
"USC00271800","CRAWFORD NOTCH, NH US","2023-12-03","2.0"
"USC00271800","CRAWFORD NOTCH, NH US","2023-12-04","4.0"
"USC00271800","CRAWFORD NOTCH, NH US","2023-12-05","5.0"
"USC00271800","CRAWFORD NOTCH, NH US","2023-12-06","5.0"
"USC00271800","CRAWFORD NOTCH, NH US","2023-12-07","5.0"
"USC00271800","CRAWFORD NOTCH, NH US","2023-12-08","5.0"
"USC00271800","CRAWFORD NOTCH, NH US","2023-12-09","5.0"
"USC00271800","CRAWFORD NOTCH, NH US","2023-12-10","4.0"
"USC00271800","CRAWFORD NOTCH, NH US","2023-12-11","4.0"
"USC00271800","CRAWFORD NOTCH, NH US","2023-12-12","5.0"
"USC00271800","CRAWFORD NOTCH, NH US","2023-12-13","5.0"
"USC00271800","CRAWFORD NOTCH, NH US","2023-12-14","4.0"
"USC00271800","CRAWFORD NOTCH, NH US","2023-12-15","4.0"
"USC00271800","CRAWFORD NOTCH, NH US","2023-12-16","2.0"
"USC00271800","CRAWFORD NOTCH, NH US","2023-12-17","2.0"
"USC00271800","CRAWFORD NOTCH, NH US","2023-12-18","0.0"
"USC00271800","CRAWFORD NOTCH, NH US","2023-12-19","0.0"
"USC00271800","CRAWFORD NOTCH, NH US","2023-12-20","0.0"
"USC00271800","CRAWFORD NOTCH, NH US","2023-12-21","0.0"
"USC00271800","CRAWFORD NOTCH, NH US","2023-12-22","0.0"
"USC00271800","CRAWFORD NOTCH, NH US","2023-12-23","0.0"
"USC00271800","CRAWFORD NOTCH, NH US","2023-12-24","0.0"
"USC00271800","CRAWFORD NOTCH, NH US","2023-12-25","0.0"
"USC00271800","CRAWFORD NOTCH, NH US","2023-12-26","0.0"
"USC00271800","CRAWFORD NOTCH, NH US","2023-12-27","0.0"
"USC00271800","CRAWFORD NOTCH, NH US","2023-12-28","0.0"
"USC00271800","CRAWFORD NOTCH, NH US","2023-12-29","0.0"
"USC00271800","CRAWFORD NOTCH, NH US","2023-12-30","1.0"
"USC00271800","CRAWFORD NOTCH, NH US","2023-12-31","2.0"
"USC00271800","CRAWFORD NOTCH, NH US","2024-01-01","2.0"
"USC00271800","CRAWFORD NOTCH, NH US","2024-01-02","2.0"
"USC00271800","CRAWFORD NOTCH, NH US","2024-01-03","2.0"
"USC00271800","CRAWFORD NOTCH, NH US","2024-01-04","2.0"
"USC00271800","CRAWFORD NOTCH, NH US","2024-01-05","2.0"
"USC00271800","CRAWFORD NOTCH, NH US","2024-01-06","2.0"
"USC00271800","CRAWFORD NOTCH, NH US","2024-01-07","4.0"
"USC00271800","CRAWFORD NOTCH, NH US","2024-01-08","6.0"
"USC00271800","CRAWFORD NOTCH, NH US","2024-01-09","6.0"
"USC00271800","CRAWFORD NOTCH, NH US","2024-01-10","12.0"
"USC00271800","CRAWFORD NOTCH, NH US","2024-01-11","10.0"
"USC00271800","CRAWFORD NOTCH, NH US","2024-01-12","10.0"
"USC00271800","CRAWFORD NOTCH, NH US","2024-01-13","12.0"
"USC00271800","CRAWFORD NOTCH, NH US","2024-01-14","16.0"
"USC00271800","CRAWFORD NOTCH, NH US","2024-01-15","18.0"
"USC00271800","CRAWFORD NOTCH, NH US","2024-01-16","18.0"
"USC00271800","CRAWFORD NOTCH, NH US","2024-01-17","25.0"
"USC00271800","CRAWFORD NOTCH, NH US","2024-01-18","24.0"
"USC00271800","CRAWFORD NOTCH, NH US","2024-01-19","24.0"
"USC00271800","CRAWFORD NOTCH, NH US","2024-01-20","23.0"
"USC00271800","CRAWFORD NOTCH, NH US","2024-01-21","23.0"
"USC00271800","CRAWFORD NOTCH, NH US","2024-01-22","23.0"
"USC00271800","CRAWFORD NOTCH, NH US","2024-01-23","23.0"
"USC00271800","CRAWFORD NOTCH, NH US","2024-01-24","21.0"
"USC00271800","CRAWFORD NOTCH, NH US","2024-01-25","20.0"
"USC00271800","CRAWFORD NOTCH, NH US","2024-01-26","20.0"
"USC00271800","CRAWFORD NOTCH, NH US","2024-01-27","21.0"
"USC00271800","CRAWFORD NOTCH, NH US","2024-01-28","20.0"
"USC00271800","CRAWFORD NOTCH, NH US","2024-01-29","22.0"
"USC00271800","CRAWFORD NOTCH, NH US","2024-01-30","22.0"
"USC00271800","CRAWFORD NOTCH, NH US","2024-01-31","22.0"
"USC00271800","CRAWFORD NOTCH, NH US","2024-02-01","22.0"
"USC00271800","CRAWFORD NOTCH, NH US","2024-02-02","21.0"
"USC00271800","CRAWFORD NOTCH, NH US","2024-02-03","22.0"
"USC00271800","CRAWFORD NOTCH, NH US","2024-02-04","22.0"
"USC00271800","CRAWFORD NOTCH, NH US","2024-02-05","22.0"
"USC00271800","CRAWFORD NOTCH, NH US","2024-02-06","22.0"
"USC00271800","CRAWFORD NOTCH, NH US","2024-02-07","21.0"
"USC00271800","CRAWFORD NOTCH, NH US","2024-02-08","20.0"
"USC00271800","CRAWFORD NOTCH, NH US","2024-02-09","19.0"
"USC00271800","CRAWFORD NOTCH, NH US","2024-02-10","19.0"
"USC00271800","CRAWFORD NOTCH, NH US","2024-02-11","19.0"
"USC00271800","CRAWFORD NOTCH, NH US","2024-02-12","19.0"
"USC00271800","CRAWFORD NOTCH, NH US","2024-02-13","19.0"
"USC00271800","CRAWFORD NOTCH, NH US","2024-02-14","20.0"
"USC00271800","CRAWFORD NOTCH, NH US","2024-02-15","20.0"
"USC00271800","CRAWFORD NOTCH, NH US","2024-02-16","22.0"
"USC00271800","CRAWFORD NOTCH, NH US","2024-02-17","23.0"
"USC00271800","CRAWFORD NOTCH, NH US","2024-02-18","23.0"
"USC00271800","CRAWFORD NOTCH, NH US","2024-02-19","25.0"
"USC00271800","CRAWFORD NOTCH, NH US","2024-02-20","25.0"
"USC00271800","CRAWFORD NOTCH, NH US","2024-02-21","23.0"
"USC00271800","CRAWFORD NOTCH, NH US","2024-02-22","23.0"
"USC00271800","CRAWFORD NOTCH, NH US","2024-02-23","23.0"
"USC00271800","CRAWFORD NOTCH, NH US","2024-02-24","21.0"
"USC00271800","CRAWFORD NOTCH, NH US","2024-02-25","21.0"
"USC00271800","CRAWFORD NOTCH, NH US","2024-02-26","22.0"
"USC00271800","CRAWFORD NOTCH, NH US","2024-02-27","22.0"
"USC00271800","CRAWFORD NOTCH, NH US","2024-02-28","20.0"
"USC00271800","CRAWFORD NOTCH, NH US","2024-02-29","16.0"
"USC00271800","CRAWFORD NOTCH, NH US","2024-03-01","16.0"
"USC00271800","CRAWFORD NOTCH, NH US","2024-03-02","15.0"
"USC00271800","CRAWFORD NOTCH, NH US","2024-03-03","13.0"
"USC00271800","CRAWFORD NOTCH, NH US","2024-03-04","12.0"
"USC00271800","CRAWFORD NOTCH, NH US","2024-03-05","11.0"
"USC00271800","CRAWFORD NOTCH, NH US","2024-03-06","10.0"
"USC00271800","CRAWFORD NOTCH, NH US","2024-03-07","5.0"
"USC00271800","CRAWFORD NOTCH, NH US","2024-03-08","5.0"
"USC00271800","CRAWFORD NOTCH, NH US","2024-03-09","5.0"
"USC00271800","CRAWFORD NOTCH, NH US","2024-03-10","12.0"
"USC00271800","CRAWFORD NOTCH, NH US","2024-03-11","16.0"
"USC00271800","CRAWFORD NOTCH, NH US","2024-03-12","16.0"
"USC00271800","CRAWFORD NOTCH, NH US","2024-03-13","14.0"
"USC00271800","CRAWFORD NOTCH, NH US","2024-03-14","13.0"
"USC00271800","CRAWFORD NOTCH, NH US","2024-03-15","12.0"
"USC00271800","CRAWFORD NOTCH, NH US","2024-03-16","12.0"
"USC00271800","CRAWFORD NOTCH, NH US","2024-03-17","12.0"
"USC00271800","CRAWFORD NOTCH, NH US","2024-03-18","12.0"
"USC00271800","CRAWFORD NOTCH, NH US","2024-03-19","15.0"
"USC00271800","CRAWFORD NOTCH, NH US","2024-03-20","15.0"
"USC00271800","CRAWFORD NOTCH, NH US","2024-03-21","19.0"
"USC00271800","CRAWFORD NOTCH, NH US","2024-03-22","20.0"
"USC00271800","CRAWFORD NOTCH, NH US","2024-03-23","21.0"
"USC00271800","CRAWFORD NOTCH, NH US","2024-03-24","30.0"
"USC00271800","CRAWFORD NOTCH, NH US","2024-03-25","30.0"
"USC00271800","CRAWFORD NOTCH, NH US","2024-03-26","28.0"
"USC00271800","CRAWFORD NOTCH, NH US","2024-03-27","22.0"
"USC00271800","CRAWFORD NOTCH, NH US","2024-03-28","18.0"
"USC00271800","CRAWFORD NOTCH, NH US","2024-03-29","16.0"
"USC00271800","CRAWFORD NOTCH, NH US","2024-03-30","16.0"
"USC00271800","CRAWFORD NOTCH, NH US","2024-03-31","15.0"
"USC00271800","CRAWFORD NOTCH, NH US","2024-04-01","15.0"
"USC00271800","CRAWFORD NOTCH, NH US","2024-04-02","15.0"
"USC00271800","CRAWFORD NOTCH, NH US","2024-04-03","15.0"
"USC00271800","CRAWFORD NOTCH, NH US","2024-04-04","24.0"
"USC00271800","CRAWFORD NOTCH, NH US","2024-04-05","31.0"
"USC00271800","CRAWFORD NOTCH, NH US","2024-04-06","31.0"
"USC00271800","CRAWFORD NOTCH, NH US","2024-04-07","31.0"
"USC00271800","CRAWFORD NOTCH, NH US","2024-04-08","30.0"
"USC00271800","CRAWFORD NOTCH, NH US","2024-04-09","25.0"
"USC00271800","CRAWFORD NOTCH, NH US","2024-04-10","24.0"
"USC00271800","CRAWFORD NOTCH, NH US","2024-04-11","20.0"
"USC00271800","CRAWFORD NOTCH, NH US","2024-04-12","17.0"
"USC00271800","CRAWFORD NOTCH, NH US","2024-04-13","14.0"
"USC00271800","CRAWFORD NOTCH, NH US","2024-04-14","12.0"
"USC00271800","CRAWFORD NOTCH, NH US","2024-04-15","8.0"
"USC00271800","CRAWFORD NOTCH, NH US","2024-04-16","8.0"
"USC00271800","CRAWFORD NOTCH, NH US","2024-04-17","6.0"
"USC00271800","CRAWFORD NOTCH, NH US","2024-04-18","4.0"
"USC00271800","CRAWFORD NOTCH, NH US","2024-04-19","1.0"
"USC00271800","CRAWFORD NOTCH, NH US","2024-04-20","0.0"
"USC00271800","CRAWFORD NOTCH, NH US","2024-04-21","0.0"
"USC00271800","CRAWFORD NOTCH, NH US","2024-04-22","0.0"
"USC00271800","CRAWFORD NOTCH, NH US","2024-04-23","0.0"
"USC00271800","CRAWFORD NOTCH, NH US","2024-04-24","0.0"
"USC00271800","CRAWFORD NOTCH, NH US","2024-04-25","0.0"
"USC00271800","CRAWFORD NOTCH, NH US","2024-04-26","0.0"
"USC00271800","CRAWFORD NOTCH, NH US","2024-04-27","0.0"
"USC00271800","CRAWFORD NOTCH, NH US","2024-04-28","0.0"
"USC00271800","CRAWFORD NOTCH, NH US","2024-04-29","0.0"
"USC00271800","CRAWFORD NOTCH, NH US","2024-04-30","0.0"
"USC00271800","CRAWFORD NOTCH, NH US","2024-05-01","0.0"
"USC00271800","CRAWFORD NOTCH, NH US","2024-05-02","0.0"
"USC00271800","CRAWFORD NOTCH, NH US","2024-05-03","0.0"
"USC00271800","CRAWFORD NOTCH, NH US","2024-05-04","0.0"
"USC00271800","CRAWFORD NOTCH, NH US","2024-05-05","0.0"
"USC00271800","CRAWFORD NOTCH, NH US","2024-05-06","0.0"
"USC00271800","CRAWFORD NOTCH, NH US","2024-05-07","0.0"
"USC00271800","CRAWFORD NOTCH, NH US","2024-05-08","0.0"
"USC00271800","CRAWFORD NOTCH, NH US","2024-05-09","0.0"
"USC00271800","CRAWFORD NOTCH, NH US","2024-05-10","0.0"
"USC00271800","CRAWFORD NOTCH, NH US","2024-05-11","0.0"
"USC00271800","CRAWFORD NOTCH, NH US","2024-05-12","0.0"
"USC00271800","CRAWFORD NOTCH, NH US","2024-05-13","0.0"
"USC00271800","CRAWFORD NOTCH, NH US","2024-05-14","0.0"
"USC00271800","CRAWFORD NOTCH, NH US","2024-05-15","0.0"
"USC00271800","CRAWFORD NOTCH, NH US","2024-05-16","0.0"
"USC00271800","CRAWFORD NOTCH, NH US","2024-05-17","0.0"
"USC00271800","CRAWFORD NOTCH, NH US","2024-05-18","0.0"
"USC00271800","CRAWFORD NOTCH, NH US","2024-05-19","0.0"
"USC00271800","CRAWFORD NOTCH, NH US","2024-05-20","0.0"
"USC00271800","CRAWFORD NOTCH, NH US","2024-05-21","0.0"
"USC00271800","CRAWFORD NOTCH, NH US","2024-05-22","0.0"
"USC00271800","CRAWFORD NOTCH, NH US","2024-05-23","0.0"
"USC00271800","CRAWFORD NOTCH, NH US","2024-05-24","0.0"
"USC00271800","CRAWFORD NOTCH, NH US","2024-05-25","0.0"
"USC00271800","CRAWFORD NOTCH, NH US","2024-05-26","0.0"
"USC00271800","CRAWFORD NOTCH, NH US","2024-05-27","0.0"
"USC00271800","CRAWFORD NOTCH, NH US","2024-05-28","0.0"
"USC00271800","CRAWFORD NOTCH, NH US","2024-05-29","0.0"
"USC00271800","CRAWFORD NOTCH, NH US","2024-05-30","0.0"
"USC00271800","CRAWFORD NOTCH, NH US","2024-05-31","0.0"
"USC00271800","CRAWFORD NOTCH, NH US","2024-06-01","0.0"
"USC00271800","CRAWFORD NOTCH, NH US","2024-06-02","0.0"
"USC00271800","CRAWFORD NOTCH, NH US","2024-06-03","0.0"
"USC00271800","CRAWFORD NOTCH, NH US","2024-06-04","0.0"
"USC00271800","CRAWFORD NOTCH, NH US","2024-06-05","0.0"
"USC00271800","CRAWFORD NOTCH, NH US","2024-06-06","0.0"
"USC00271800","CRAWFORD NOTCH, NH US","2024-06-07","0.0"
"USC00271800","CRAWFORD NOTCH, NH US","2024-06-08","0.0"
"USC00271800","CRAWFORD NOTCH, NH US","2024-06-09","0.0"
"USC00271800","CRAWFORD NOTCH, NH US","2024-06-10","0.0"
"USC00271800","CRAWFORD NOTCH, NH US","2024-06-11","0.0"
"USC00271800","CRAWFORD NOTCH, NH US","2024-06-12","0.0"
"USC00271800","CRAWFORD NOTCH, NH US","2024-06-13","0.0"
"USC00271800","CRAWFORD NOTCH, NH US","2024-06-14","0.0"
"USC00271800","CRAWFORD NOTCH, NH US","2024-06-15","0.0"
"USC00271800","CRAWFORD NOTCH, NH US","2024-06-16","0.0"
"USC00271800","CRAWFORD NOTCH, NH US","2024-06-17","0.0"
"USC00271800","CRAWFORD NOTCH, NH US","2024-06-18","0.0"
"USC00271800","CRAWFORD NOTCH, NH US","2024-06-19","0.0"
"USC00271800","CRAWFORD NOTCH, NH US","2024-06-20","0.0"
"USC00271800","CRAWFORD NOTCH, NH US","2024-06-21","0.0"
"USC00271800","CRAWFORD NOTCH, NH US","2024-06-22","0.0"
"USC00271800","CRAWFORD NOTCH, NH US","2024-06-23","0.0"
"USC00271800","CRAWFORD NOTCH, NH US","2024-06-24","0.0"
"USC00271800","CRAWFORD NOTCH, NH US","2024-06-25","0.0"
"USC00271800","CRAWFORD NOTCH, NH US","2024-06-26","0.0"
"USC00271800","CRAWFORD NOTCH, NH US","2024-06-27","0.0"
"USC00271800","CRAWFORD NOTCH, NH US","2024-06-28","0.0"
"USC00271800","CRAWFORD NOTCH, NH US","2024-06-29","0.0"
"USC00271800","CRAWFORD NOTCH, NH US","2024-06-30","0.0"
"USC00271800","CRAWFORD NOTCH, NH US","2024-07-01",
"USC00271800","CRAWFORD NOTCH, NH US","2024-07-02",
"USC00271800","CRAWFORD NOTCH, NH US","2024-07-07",
"USC00271800","CRAWFORD NOTCH, NH US","2024-07-09",
"USC00271800","CRAWFORD NOTCH, NH US","2024-07-10","0.0"
"USC00271800","CRAWFORD NOTCH, NH US","2024-07-11","0.0"
"USC00271800","CRAWFORD NOTCH, NH US","2024-07-12",
"USC00271800","CRAWFORD NOTCH, NH US","2024-07-13",
"USC00271800","CRAWFORD NOTCH, NH US","2024-07-14",
"USC00271800","CRAWFORD NOTCH, NH US","2024-07-17","0.0"
"USC00271800","CRAWFORD NOTCH, NH US","2024-07-18","0.0"
"USC00271800","CRAWFORD NOTCH, NH US","2024-07-19",
"USC00271800","CRAWFORD NOTCH, NH US","2024-07-20","0.0"
"USC00271800","CRAWFORD NOTCH, NH US","2024-07-21","0.0"
"USC00271800","CRAWFORD NOTCH, NH US","2024-07-22",
"USC00271800","CRAWFORD NOTCH, NH US","2024-07-23",
"USC00271800","CRAWFORD NOTCH, NH US","2024-07-24","0.0"
"USC00271800","CRAWFORD NOTCH, NH US","2024-07-25","0.0"
"USC00271800","CRAWFORD NOTCH, NH US","2024-07-26",
"USC00271800","CRAWFORD NOTCH, NH US","2024-07-27","0.0"
"USC00271800","CRAWFORD NOTCH, NH US","2024-07-28",
"USC00271800","CRAWFORD NOTCH, NH US","2024-07-29",
"USC00271800","CRAWFORD NOTCH, NH US","2024-07-30",
"USC00271800","CRAWFORD NOTCH, NH US","2024-07-31","0.0"
"USC00271800","CRAWFORD NOTCH, NH US","2024-08-01","0.0"
"USC00271800","CRAWFORD NOTCH, NH US","2024-08-02","0.0"
"USC00271800","CRAWFORD NOTCH, NH US","2024-08-03","0.0"
"USC00271800","CRAWFORD NOTCH, NH US","2024-08-04","0.0"
"USC00271800","CRAWFORD NOTCH, NH US","2024-08-05",
"USC00271800","CRAWFORD NOTCH, NH US","2024-08-06",
"USC00271800","CRAWFORD NOTCH, NH US","2024-08-07","0.0"
"USC00271800","CRAWFORD NOTCH, NH US","2024-08-08","0.0"
"USC00271800","CRAWFORD NOTCH, NH US","2024-08-09","0.0"
"USC00271800","CRAWFORD NOTCH, NH US","2024-08-11","0.0"
"USC00271800","CRAWFORD NOTCH, NH US","2024-08-13",
"USC00271800","CRAWFORD NOTCH, NH US","2024-08-15",
"USC00271800","CRAWFORD NOTCH, NH US","2024-08-16",
"USC00271800","CRAWFORD NOTCH, NH US","2024-08-17",
"USC00271800","CRAWFORD NOTCH, NH US","2024-08-20",
"USC00271800","CRAWFORD NOTCH, NH US","2024-08-21","0.0"
"USC00271800","CRAWFORD NOTCH, NH US","2024-08-22","0.0"
"USC00271800","CRAWFORD NOTCH, NH US","2024-08-23",
"USC00271800","CRAWFORD NOTCH, NH US","2024-08-25",
"USC00271800","CRAWFORD NOTCH, NH US","2024-08-26",
"USC00271800","CRAWFORD NOTCH, NH US","2024-08-27",
"USC00271800","CRAWFORD NOTCH, NH US","2024-08-28",
"USC00271800","CRAWFORD NOTCH, NH US","2024-08-29","0.0"
"USC00271800","CRAWFORD NOTCH, NH US","2024-08-30","0.0"
"USC00271800","CRAWFORD NOTCH, NH US","2024-08-31",
"USC00271800","CRAWFORD NOTCH, NH US","2024-09-01","0.0"
"USC00271800","CRAWFORD NOTCH, NH US","2024-09-02",
"USC00271800","CRAWFORD NOTCH, NH US","2024-09-03","0.0"
"USC00271800","CRAWFORD NOTCH, NH US","2024-09-04","0.0"
"USC00271800","CRAWFORD NOTCH, NH US","2024-09-05","0.0"
"USC00271800","CRAWFORD NOTCH, NH US","2024-09-07",
"USC00271800","CRAWFORD NOTCH, NH US","2024-09-08","0.0"
"USC00271800","CRAWFORD NOTCH, NH US","2024-09-10","0.0"
"USC00271800","CRAWFORD NOTCH, NH US","2024-09-11",
"USC00271800","CRAWFORD NOTCH, NH US","2024-09-12",
"USC00271800","CRAWFORD NOTCH, NH US","2024-09-13",
"USC00271800","CRAWFORD NOTCH, NH US","2024-09-14",
"USC00271800","CRAWFORD NOTCH, NH US","2024-09-17","0.0"
"USC00271800","CRAWFORD NOTCH, NH US","2024-09-18","0.0"
"USC00271800","CRAWFORD NOTCH, NH US","2024-09-19","0.0"
"USC00271800","CRAWFORD NOTCH, NH US","2024-09-20","0.0"
"USC00271800","CRAWFORD NOTCH, NH US","2024-09-24","0.0"
"USC00271800","CRAWFORD NOTCH, NH US","2024-09-25","0.0"
"USC00271800","CRAWFORD NOTCH, NH US","2024-09-27","0.0"
"USC00271800","CRAWFORD NOTCH, NH US","2024-09-28","0.0"
"USC00271800","CRAWFORD NOTCH, NH US","2024-09-29","0.0"
"USC00271800","CRAWFORD NOTCH, NH US","2024-09-30","0.0"
"USC00271800","CRAWFORD NOTCH, NH US","2024-10-01","0.0"
"USC00271800","CRAWFORD NOTCH, NH US","2024-10-04","0.0"
"USC00271800","CRAWFORD NOTCH, NH US","2024-10-05","0.0"
"USC00271800","CRAWFORD NOTCH, NH US","2024-10-07","0.0"
"USC00271800","CRAWFORD NOTCH, NH US","2024-10-08","0.0"
"USC00271800","CRAWFORD NOTCH, NH US","2024-10-09","0.0"
"USC00271800","CRAWFORD NOTCH, NH US","2024-10-10","0.0"
"USC00271800","CRAWFORD NOTCH, NH US","2024-10-11","0.0"
"USC00271800","CRAWFORD NOTCH, NH US","2024-10-12","0.0"
"USC00271800","CRAWFORD NOTCH, NH US","2024-10-13","0.0"
"USC00271800","CRAWFORD NOTCH, NH US","2024-10-14","0.0"
"USC00271800","CRAWFORD NOTCH, NH US","2024-10-15",
"USC00271800","CRAWFORD NOTCH, NH US","2024-10-16","0.0"
"USC00271800","CRAWFORD NOTCH, NH US","2024-10-17","0.0"
"USC00271800","CRAWFORD NOTCH, NH US","2024-10-18","0.0"
"USC00271800","CRAWFORD NOTCH, NH US","2024-10-19","0.0"
"USC00271800","CRAWFORD NOTCH, NH US","2024-10-20","0.0"
"USC00271800","CRAWFORD NOTCH, NH US","2024-10-21","0.0"
"USC00271800","CRAWFORD NOTCH, NH US","2024-10-22","0.0"
"USC00271800","CRAWFORD NOTCH, NH US","2024-10-23","0.0"
"USC00271800","CRAWFORD NOTCH, NH US","2024-10-24","0.0"
"USC00271800","CRAWFORD NOTCH, NH US","2024-10-25","0.0"
"USC00271800","CRAWFORD NOTCH, NH US","2024-10-26","0.0"
